{
  "h1": 0.6998248100280762,
  "h2": 0.5184710025787354,
  "h3": 0.5936776995658875,
  "h4": 0.6402783393859863,
  "h5": 0.6654470562934875,
  "h6": 0.472458153963089,
  "h7": 0.5893769264221191
}