{
  "epoch": [
    1,
    2,
    3,
    4,
    5,
    6,
    7,
    8,
    9,
    10,
    11,
    12,
    13,
    14,
    15,
    16,
    17,
    18,
    19,
    20,
    21,
    22,
    23,
    24,
    25,
    26,
    27,
    28,
    29,
    30,
    31,
    32,
    33,
    34,
    35,
    36,
    37,
    38,
    39
  ],
  "train_loss": [
    0.6044836510052655,
    0.4344817291208373,
    0.4254543209141628,
    0.4193631911060596,
    0.41859739945388175,
    0.40851383312250017,
    0.40677139694549813,
    0.39809638311526413,
    0.3917720248307907,
    0.3924920756668674,
    0.39296130548571784,
    0.3844486262560329,
    0.38215104833163155,
    0.3810568907402515,
    0.3806805343111088,
    0.37618917619167336,
    0.37672869132036674,
    0.3755702894666921,
    0.37050773937937237,
    0.3732237410067198,
    0.3680624965138035,
    0.3695010062893402,
    0.3665157943434753,
    0.365288784703501,
    0.36525328609287117,
    0.3614256495868802,
    0.3601203773533429,
    0.35546549484909346,
    0.35877831626069817,
    0.3569420169210843,
    0.3532599553429343,
    0.35271430612112287,
    0.35221971634408117,
    0.35091540507575303,
    0.3497576063495433,
    0.34591659855163687,
    0.34617137967335687,
    0.3438831156773284,
    0.34609536805623015
  ],
  "val_loss": [
    0.5039639226551162,
    0.5135595841780721,
    0.4784098870261421,
    0.5030100845091836,
    0.48742394390718896,
    0.4792437287016288,
    0.46147254792005654,
    0.45346227554635626,
    0.45818863650939984,
    0.46827700550995727,
    0.4632742378298797,
    0.4593501167590392,
    0.4433834587728511,
    0.44128778293812077,
    0.4381106812194739,
    0.4475070000027811,
    0.4409896383405398,
    0.4403671622276306,
    0.4370691871176885,
    0.4323116276184274,
    0.4284096438458512,
    0.4291699515374679,
    0.42817916666995215,
    0.4342534547078543,
    0.4256245975054842,
    0.4198114489043891,
    0.4174026414002786,
    0.4185737379769373,
    0.42185120709115564,
    0.4141361621838042,
    0.4353127824194604,
    0.41434408066659,
    0.41200553788153155,
    0.423451051032743,
    0.4152236952129023,
    0.43376877371159345,
    0.4308407429876274,
    0.4216788063169192,
    0.41903730227960556
  ],
  "val_f1": [
    null,
    null,
    null,
    null,
    null,
    null,
    null,
    null,
    null,
    null,
    null,
    null,
    null,
    null,
    null,
    null,
    null,
    null,
    null,
    null,
    null,
    null,
    null,
    null,
    null,
    null,
    null,
    null,
    null,
    null,
    null,
    null,
    null,
    null,
    null,
    null,
    null,
    null,
    null
  ]
}